level,action,base_int,base_luk,base_hp,base_mp,extra_mp,fresh_ap_int,fresh_ap_luk,fresh_ap_dex,fresh_ap_hp,fresh_ap_mp,apr_spent,notes
1,BUILD,13,4,50,5,-157,9,0,0,0,0,0,創角 AP → INT
2,BUILD,18,4,64,17,-159,5,0,0,0,0,0,建 DEX／INT
3,BUILD,20,4,78,29,-161,2,0,3,0,0,0,建 DEX／INT
4,BUILD,20,4,92,42,-162,0,0,5,0,0,0,建 DEX／INT
5,BUILD,20,4,106,55,-163,0,0,5,0,0,0,建 DEX／INT
6,BUILD,20,4,120,68,-164,0,0,5,0,0,0,建 DEX／INT
7,BUILD,22,4,134,81,-165,2,0,3,0,0,0,建 DEX／INT; 堆 INT
8,BUILD,27,4,148,94,-166,5,0,0,0,0,0,堆 INT
9,BUILD,32,4,162,107,-167,5,0,0,0,0,0,堆 INT
10,BUILD,37,4,338,123,-165,5,0,0,0,0,0,堆 INT
11,BUILD,42,4,360,144,-158,5,0,0,0,0,0,堆 INT
12,BUILD,47,4,382,166,-150,5,0,0,0,0,0,堆 INT
13,BUILD,52,4,404,188,-142,5,0,0,0,0,0,堆 INT
14,BUILD,57,4,426,211,-133,5,0,0,0,0,0,堆 INT
15,BUILD,62,4,448,235,-123,5,0,0,0,0,0,堆 INT
16,BUILD,67,4,470,260,-112,5,0,0,0,0,0,堆 INT
17,BUILD,72,4,492,286,-100,5,0,0,0,0,0,堆 INT
18,BUILD,77,4,514,312,-88,5,0,0,0,0,0,堆 INT
19,BUILD,82,4,536,339,-75,5,0,0,0,0,0,堆 INT
20,BUILD,87,4,558,372,-56,5,0,0,0,0,0,堆 INT
21,BUILD,92,4,580,405,-37,5,0,0,0,0,0,堆 INT
22,BUILD,97,4,602,439,-17,5,0,0,0,0,0,堆 INT
23,BUILD,102,4,624,473,3,5,0,0,0,0,0,堆 INT
24,BUILD,107,4,646,508,24,5,0,0,0,0,0,堆 INT
25,BUILD,112,4,668,545,47,5,0,0,0,0,0,堆 INT
26,BUILD,117,4,690,582,70,5,0,0,0,0,0,堆 INT
27,BUILD,122,4,712,620,94,5,0,0,0,0,0,堆 INT
28,BUILD,127,4,734,658,118,5,0,0,0,0,0,堆 INT
29,BUILD,132,4,756,697,143,5,0,0,0,0,0,堆 INT
30,BUILD,137,4,1104,912,344,5,0,0,0,0,0,堆 INT
31,HP5,142,4,1236,893,311,0,0,0,5,0,5,Method1×5（+110.0 HP）；洗回 INT 5 LUK 0
32,HP5,147,4,1368,875,279,0,0,0,5,0,5,Method1×5（+110.0 HP）；洗回 INT 5 LUK 0
33,HP5,152,4,1500,857,247,0,0,0,5,0,5,Method1×5（+110.0 HP）；洗回 INT 5 LUK 0
34,HP5,157,4,1632,840,216,0,0,0,5,0,5,Method1×5（+110.0 HP）；洗回 INT 5 LUK 0
35,HP5,162,4,1764,823,185,0,0,0,5,0,5,Method1×5（+110.0 HP）；洗回 INT 5 LUK 0
36,HP5,167,4,1896,807,155,0,0,0,5,0,5,Method1×5（+110.0 HP）；洗回 INT 5 LUK 0
37,HP5,172,4,2028,791,125,0,0,0,5,0,5,Method1×5（+110.0 HP）；洗回 INT 5 LUK 0
38,HP5,177,4,2160,776,96,0,0,0,5,0,5,Method1×5（+110.0 HP）；洗回 INT 5 LUK 0
39,HP5,182,4,2292,761,67,0,0,0,5,0,5,Method1×5（+110.0 HP）；洗回 INT 5 LUK 0
40,HP5,187,4,2424,747,39,0,0,0,5,0,5,Method1×5（+110.0 HP）；洗回 INT 5 LUK 0
41,HP5,192,4,2556,733,11,0,0,0,5,0,5,Method1×5（+110.0 HP）；洗回 INT 5 LUK 0
42,MP5,197,4,2578,870,134,0,0,0,0,5,5,MP wash×5（淨增 MP 90.0）；→ INT 5 LUK 0
43,HP5,202,4,2710,858,108,0,0,0,5,0,5,Method1×5（+110.0 HP）；洗回 INT 5 LUK 0
44,HP5,207,4,2842,846,82,0,0,0,5,0,5,Method1×5（+110.0 HP）；洗回 INT 5 LUK 0
45,HP5,212,4,2974,836,58,0,0,0,5,0,5,Method1×5（+110.0 HP）；洗回 INT 5 LUK 0
46,HP5,217,4,3106,826,34,0,0,0,5,0,5,Method1×5（+110.0 HP）；洗回 INT 5 LUK 0
47,HP5,222,4,3238,817,11,0,0,0,5,0,5,Method1×5（+110.0 HP）；洗回 INT 5 LUK 0
48,MP5,227,4,3260,973,153,0,0,0,0,5,5,MP wash×5（淨增 MP 105.0）；→ INT 5 LUK 0
49,HP5,232,4,3392,965,131,0,0,0,5,0,5,Method1×5（+110.0 HP）；洗回 INT 5 LUK 0
50,HP5,237,4,3524,958,110,0,0,0,5,0,5,Method1×5（+110.0 HP）；洗回 INT 5 LUK 0
51,HP5,242,4,3656,952,90,0,0,0,5,0,5,Method1×5（+110.0 HP）；洗回 INT 5 LUK 0
52,HP5,247,4,3788,947,71,0,0,0,5,0,5,Method1×5（+110.0 HP）；洗回 INT 5 LUK 0
53,HP5,252,4,3920,942,52,0,0,0,5,0,5,Method1×5（+110.0 HP）；洗回 INT 5 LUK 0
54,HP5,257,4,4052,938,34,0,0,0,5,0,5,Method1×5（+110.0 HP）；洗回 INT 5 LUK 0
55,HP5,262,4,4184,934,16,0,0,0,5,0,5,Method1×5（+110.0 HP）；洗回 INT 5 LUK 0
56,MP5,267,4,4206,1116,184,0,0,0,0,5,5,MP wash×5（淨增 MP 125.0）；→ INT 5 LUK 0
57,HP5,272,4,4338,1113,167,0,0,0,5,0,5,Method1×5（+110.0 HP）；洗回 INT 5 LUK 0
58,HP5,277,4,4470,1111,151,0,0,0,5,0,5,Method1×5（+110.0 HP）；洗回 INT 5 LUK 0
59,HP5,282,4,4602,1109,135,0,0,0,5,0,5,Method1×5（+110.0 HP）；洗回 INT 5 LUK 0
60,HP5,287,4,4734,1108,120,0,0,0,5,0,5,Method1×5（+110.0 HP）；洗回 INT 5 LUK 0
61,HP5,292,4,4866,1107,105,0,0,0,5,0,5,Method1×5（+110.0 HP）；洗回 INT 5 LUK 0
62,HP5,297,4,4998,1107,91,0,0,0,5,0,5,Method1×5（+110.0 HP）；洗回 INT 5 LUK 0
63,HP5,302,4,5130,1108,78,0,0,0,5,0,5,Method1×5（+110.0 HP）；洗回 INT 5 LUK 0
64,HP5,307,4,5262,1109,65,0,0,0,5,0,5,Method1×5（+110.0 HP）；洗回 INT 5 LUK 0
65,HP5,312,4,5394,1111,53,0,0,0,5,0,5,Method1×5（+110.0 HP）；洗回 INT 5 LUK 0
66,HP5,317,4,5526,1113,41,0,0,0,5,0,5,Method1×5（+110.0 HP）；洗回 INT 5 LUK 0
67,HP5,322,4,5658,1116,30,0,0,0,5,0,5,Method1×5（+110.0 HP）；洗回 INT 5 LUK 0
68,HP5,327,4,5790,1119,19,0,0,0,5,0,5,Method1×5（+110.0 HP）；洗回 INT 5 LUK 0
69,HP5,332,4,5922,1123,9,0,0,0,5,0,5,Method1×5（+110.0 HP）；洗回 INT 5 LUK 0
70,HP5,342,4,6488,1243,115,0,0,0,10,0,10,Method1×10（+220.0 HP）；洗回 INT 10 LUK 0
71,HP5,347,4,6620,1249,107,0,0,0,5,0,5,Method1×5（+110.0 HP）；洗回 INT 5 LUK 0
72,HP5,352,4,6752,1255,99,0,0,0,5,0,5,Method1×5（+110.0 HP）；洗回 INT 5 LUK 0
73,HP5,357,4,6884,1262,92,0,0,0,5,0,5,Method1×5（+110.0 HP）；洗回 INT 5 LUK 0
74,HP5,360,6,7016,1270,86,0,0,0,5,0,5,Method1×5（+110.0 HP）；洗回 INT 3 LUK 2
75,MP5,360,11,7038,1513,315,0,0,0,0,5,5,MP wash×5（淨增 MP 175.0）；→ INT 0 LUK 5
76,MP5,360,16,7060,1756,544,0,0,0,0,5,5,MP wash×5（淨增 MP 175.0）；→ INT 0 LUK 5
77,MP5,360,21,7082,1999,773,0,0,0,0,5,5,MP wash×5（淨增 MP 175.0）；→ INT 0 LUK 5
78,MP5,360,26,7104,2242,1002,0,0,0,0,5,5,MP wash×5（淨增 MP 175.0）；→ INT 0 LUK 5
79,MP5,360,31,7126,2485,1231,0,0,0,0,5,5,MP wash×5（淨增 MP 175.0）；→ INT 0 LUK 5
80,MP5,360,36,7148,2728,1460,0,0,0,0,5,5,MP wash×5（淨增 MP 175.0）；→ INT 0 LUK 5
81,MP5,360,41,7170,2971,1689,0,0,0,0,5,5,MP wash×5（淨增 MP 175.0）；→ INT 0 LUK 5
82,MP5,360,46,7192,3214,1918,0,0,0,0,5,5,MP wash×5（淨增 MP 175.0）；→ INT 0 LUK 5
83,MP5,360,51,7214,3457,2147,0,0,0,0,5,5,MP wash×5（淨增 MP 175.0）；→ INT 0 LUK 5
84,MP5,360,56,7236,3700,2376,0,0,0,0,5,5,MP wash×5（淨增 MP 175.0）；→ INT 0 LUK 5
85,MP5,360,61,7258,3943,2605,0,0,0,0,5,5,MP wash×5（淨增 MP 175.0）；→ INT 0 LUK 5
86,MP5,360,66,7280,4186,2834,0,0,0,0,5,5,MP wash×5（淨增 MP 175.0）；→ INT 0 LUK 5
87,MP5,360,71,7302,4429,3063,0,0,0,0,5,5,MP wash×5（淨增 MP 175.0）；→ INT 0 LUK 5
88,MP5,360,76,7324,4672,3292,0,0,0,0,5,5,MP wash×5（淨增 MP 175.0）；→ INT 0 LUK 5
89,MP5,360,81,7346,4915,3521,0,0,0,0,5,5,MP wash×5（淨增 MP 175.0）；→ INT 0 LUK 5
90,MP5,360,86,7368,5158,3750,0,0,0,0,5,5,MP wash×5（淨增 MP 175.0）；→ INT 0 LUK 5
91,MP5,360,91,7390,5401,3979,0,0,0,0,5,5,MP wash×5（淨增 MP 175.0）；→ INT 0 LUK 5
92,MP5,360,96,7412,5644,4208,0,0,0,0,5,5,MP wash×5（淨增 MP 175.0）；→ INT 0 LUK 5
93,MP5,360,101,7434,5887,4437,0,0,0,0,5,5,MP wash×5（淨增 MP 175.0）；→ INT 0 LUK 5
94,MP5,360,106,7456,6130,4666,0,0,0,0,5,5,MP wash×5（淨增 MP 175.0）；→ INT 0 LUK 5
95,MP5,360,111,7478,6373,4895,0,0,0,0,5,5,MP wash×5（淨增 MP 175.0）；→ INT 0 LUK 5
96,MP5,360,116,7500,6616,5124,0,0,0,0,5,5,MP wash×5（淨增 MP 175.0）；→ INT 0 LUK 5
97,MP5,360,121,7522,6859,5353,0,0,0,0,5,5,MP wash×5（淨增 MP 175.0）；→ INT 0 LUK 5
98,MP5,360,126,7544,7102,5582,0,0,0,0,5,5,MP wash×5（淨增 MP 175.0）；→ INT 0 LUK 5
99,MP5,360,131,7566,7345,5811,0,0,0,0,5,5,MP wash×5（淨增 MP 175.0）；→ INT 0 LUK 5
100,MP5,360,136,7588,7588,6040,0,0,0,0,5,5,MP wash×5（淨增 MP 175.0）；→ INT 0 LUK 5
101,HP5,360,141,7720,7596,6034,0,0,0,5,0,5,Method1×5（+110.0 HP）；洗回 INT 0 LUK 5
102,HP5,360,146,7852,7604,6028,0,0,0,5,0,5,Method1×5（+110.0 HP）；洗回 INT 0 LUK 5
103,HP5,360,151,7984,7612,6022,0,0,0,5,0,5,Method1×5（+110.0 HP）；洗回 INT 0 LUK 5
104,HP5,360,156,8116,7620,6016,0,0,0,5,0,5,Method1×5（+110.0 HP）；洗回 INT 0 LUK 5
105,HP5,360,161,8248,7628,6010,0,0,0,5,0,5,Method1×5（+110.0 HP）；洗回 INT 0 LUK 5
106,HP5,360,166,8380,7636,6004,0,0,0,5,0,5,Method1×5（+110.0 HP）；洗回 INT 0 LUK 5
107,HP5,360,171,8512,7644,5998,0,0,0,5,0,5,Method1×5（+110.0 HP）；洗回 INT 0 LUK 5
108,HP5,360,176,8644,7652,5992,0,0,0,5,0,5,Method1×5（+110.0 HP）；洗回 INT 0 LUK 5
109,HP5,360,181,8776,7660,5986,0,0,0,5,0,5,Method1×5（+110.0 HP）；洗回 INT 0 LUK 5
110,HP5,360,186,8908,7668,5980,0,0,0,5,0,5,Method1×5（+110.0 HP）；洗回 INT 0 LUK 5
111,HP5,360,191,9040,7676,5974,0,0,0,5,0,5,Method1×5（+110.0 HP）；洗回 INT 0 LUK 5
112,HP5,360,196,9172,7684,5968,0,0,0,5,0,5,Method1×5（+110.0 HP）；洗回 INT 0 LUK 5
113,HP5,360,201,9304,7692,5962,0,0,0,5,0,5,Method1×5（+110.0 HP）；洗回 INT 0 LUK 5
114,HP5,360,206,9436,7700,5956,0,0,0,5,0,5,Method1×5（+110.0 HP）；洗回 INT 0 LUK 5
115,HP5,360,211,9568,7708,5950,0,0,0,5,0,5,Method1×5（+110.0 HP）；洗回 INT 0 LUK 5
116,HP5,360,216,9700,7716,5944,0,0,0,5,0,5,Method1×5（+110.0 HP）；洗回 INT 0 LUK 5
117,HP5,360,221,9832,7724,5938,0,0,0,5,0,5,Method1×5（+110.0 HP）；洗回 INT 0 LUK 5
118,HP5,360,226,9964,7732,5932,0,0,0,5,0,5,Method1×5（+110.0 HP）；洗回 INT 0 LUK 5
119,HP5,360,231,10096,7740,5926,0,0,0,5,0,5,Method1×5（+110.0 HP）；洗回 INT 0 LUK 5
120,HP5,360,241,10664,7865,6037,0,0,0,10,0,10,Method1×10（+220.0 HP）；洗回 INT 0 LUK 10
121,HP5,360,246,10796,7875,6033,0,0,0,5,0,5,Method1×5（+110.0 HP）；洗回 INT 0 LUK 5
122,HP5,360,251,10928,7885,6029,0,0,0,5,0,5,Method1×5（+110.0 HP）；洗回 INT 0 LUK 5
123,HP5,360,256,11060,7895,6025,0,0,0,5,0,5,Method1×5（+110.0 HP）；洗回 INT 0 LUK 5
124,HP5,360,261,11192,7905,6021,0,0,0,5,0,5,Method1×5（+110.0 HP）；洗回 INT 0 LUK 5
125,HP5,360,266,11324,7915,6017,0,0,0,5,0,5,Method1×5（+110.0 HP）；洗回 INT 0 LUK 5
126,HP5,360,271,11456,7925,6013,0,0,0,5,0,5,Method1×5（+110.0 HP）；洗回 INT 0 LUK 5
127,HP5,360,276,11588,7935,6009,0,0,0,5,0,5,Method1×5（+110.0 HP）；洗回 INT 0 LUK 5
128,HP5,360,281,11720,7945,6005,0,0,0,5,0,5,Method1×5（+110.0 HP）；洗回 INT 0 LUK 5
129,HP5,360,286,11852,7955,6001,0,0,0,5,0,5,Method1×5（+110.0 HP）；洗回 INT 0 LUK 5
130,HP5,360,291,11984,7965,5997,0,0,0,5,0,5,Method1×5（+110.0 HP）；洗回 INT 0 LUK 5
131,HP5,360,296,12116,7975,5993,0,0,0,5,0,5,Method1×5（+110.0 HP）；洗回 INT 0 LUK 5
132,HP5,360,301,12248,7985,5989,0,0,0,5,0,5,Method1×5（+110.0 HP）；洗回 INT 0 LUK 5
133,HP5,360,306,12380,7995,5985,0,0,0,5,0,5,Method1×5（+110.0 HP）；洗回 INT 0 LUK 5
134,HP5,360,311,12512,8005,5981,0,0,0,5,0,5,Method1×5（+110.0 HP）；洗回 INT 0 LUK 5
135,HP5,360,316,12644,8015,5977,0,0,0,5,0,5,Method1×5（+110.0 HP）；洗回 INT 0 LUK 5
136,HP5,360,321,12776,8025,5973,0,0,0,5,0,5,Method1×5（+110.0 HP）；洗回 INT 0 LUK 5
137,HP5,360,326,12908,8035,5969,0,0,0,5,0,5,Method1×5（+110.0 HP）；洗回 INT 0 LUK 5
138,HP5,360,331,13040,8045,5965,0,0,0,5,0,5,Method1×5（+110.0 HP）；洗回 INT 0 LUK 5
139,HP5,360,336,13172,8055,5961,0,0,0,5,0,5,Method1×5（+110.0 HP）；洗回 INT 0 LUK 5
140,HP5,360,341,13304,8065,5957,0,0,0,5,0,5,Method1×5（+110.0 HP）；洗回 INT 0 LUK 5
141,HP5,360,346,13436,8075,5953,0,0,0,5,0,5,Method1×5（+110.0 HP）；洗回 INT 0 LUK 5
142,HP5,360,351,13568,8085,5949,0,0,0,5,0,5,Method1×5（+110.0 HP）；洗回 INT 0 LUK 5
143,HP5,360,356,13700,8095,5945,0,0,0,5,0,5,Method1×5（+110.0 HP）；洗回 INT 0 LUK 5
144,HP5,360,361,13832,8105,5941,0,0,0,5,0,5,Method1×5（+110.0 HP）；洗回 INT 0 LUK 5
145,HP5,360,366,13964,8115,5937,0,0,0,5,0,5,Method1×5（+110.0 HP）；洗回 INT 0 LUK 5
146,HP5,360,371,14096,8125,5933,0,0,0,5,0,5,Method1×5（+110.0 HP）；洗回 INT 0 LUK 5
147,HP5,360,376,14228,8135,5929,0,0,0,5,0,5,Method1×5（+110.0 HP）；洗回 INT 0 LUK 5
148,HP5,360,381,14360,8145,5925,0,0,0,5,0,5,Method1×5（+110.0 HP）；洗回 INT 0 LUK 5
149,HP5,360,386,14492,8155,5921,0,0,0,5,0,5,Method1×5（+110.0 HP）；洗回 INT 0 LUK 5
150,HP5,360,391,14624,8165,5917,0,0,0,5,0,5,Method1×5（+110.0 HP）；洗回 INT 0 LUK 5
151,HP5,360,396,14756,8175,5913,0,0,0,5,0,5,Method1×5（+110.0 HP）；洗回 INT 0 LUK 5
152,HP5,360,401,14888,8185,5909,0,0,0,5,0,5,Method1×5（+110.0 HP）；洗回 INT 0 LUK 5
153,HP5,360,406,15020,8195,5905,0,0,0,5,0,5,Method1×5（+110.0 HP）；洗回 INT 0 LUK 5
154,HP5,360,411,15152,8205,5901,0,0,0,5,0,5,Method1×5（+110.0 HP）；洗回 INT 0 LUK 5
155,HP5,360,416,15284,8215,5897,0,0,0,5,0,5,Method1×5（+110.0 HP）；洗回 INT 0 LUK 5
155,RESET_INT,4,772,15284,8215,5897,0,0,0,0,0,356,INT → LUK（356 APR）
156,HP5,4,777,15416,8186,5854,0,0,0,5,0,5,Method1×5（+110.0 HP）；洗回 INT 0 LUK 5
157,HP5,4,782,15548,8157,5811,0,0,0,5,0,5,Method1×5（+110.0 HP）；洗回 INT 0 LUK 5
158,HP5,4,787,15680,8128,5768,0,0,0,5,0,5,Method1×5（+110.0 HP）；洗回 INT 0 LUK 5
159,HP5,4,792,15812,8099,5725,0,0,0,5,0,5,Method1×5（+110.0 HP）；洗回 INT 0 LUK 5
160,HP5,4,797,15944,8070,5682,0,0,0,5,0,5,Method1×5（+110.0 HP）；洗回 INT 0 LUK 5
161,HP5,4,802,16076,8041,5639,0,0,0,5,0,5,Method1×5（+110.0 HP）；洗回 INT 0 LUK 5
162,HP5,4,807,16208,8012,5596,0,0,0,5,0,5,Method1×5（+110.0 HP）；洗回 INT 0 LUK 5
163,HP5,4,812,16340,7983,5553,0,0,0,5,0,5,Method1×5（+110.0 HP）；洗回 INT 0 LUK 5
164,HP5,4,817,16472,7954,5510,0,0,0,5,0,5,Method1×5（+110.0 HP）；洗回 INT 0 LUK 5
165,HP5,4,822,16604,7925,5467,0,0,0,5,0,5,Method1×5（+110.0 HP）；洗回 INT 0 LUK 5
166,HP5,4,827,16736,7896,5424,0,0,0,5,0,5,Method1×5（+110.0 HP）；洗回 INT 0 LUK 5
167,HP5,4,832,16868,7867,5381,0,0,0,5,0,5,Method1×5（+110.0 HP）；洗回 INT 0 LUK 5
168,HP5,4,837,17000,7838,5338,0,0,0,5,0,5,Method1×5（+110.0 HP）；洗回 INT 0 LUK 5
169,HP5,4,842,17132,7809,5295,0,0,0,5,0,5,Method1×5（+110.0 HP）；洗回 INT 0 LUK 5
170,HP5,4,847,17264,7780,5252,0,0,0,5,0,5,Method1×5（+110.0 HP）；洗回 INT 0 LUK 5
171,HP5,4,852,17396,7751,5209,0,0,0,5,0,5,Method1×5（+110.0 HP）；洗回 INT 0 LUK 5
172,HP5,4,857,17528,7722,5166,0,0,0,5,0,5,Method1×5（+110.0 HP）；洗回 INT 0 LUK 5
173,HP5,4,862,17660,7693,5123,0,0,0,5,0,5,Method1×5（+110.0 HP）；洗回 INT 0 LUK 5
174,HP5,4,867,17792,7664,5080,0,0,0,5,0,5,Method1×5（+110.0 HP）；洗回 INT 0 LUK 5
175,HP5,4,872,17924,7635,5037,0,0,0,5,0,5,Method1×5（+110.0 HP）；洗回 INT 0 LUK 5
176,HP5,4,877,18056,7606,4994,0,0,0,5,0,5,Method1×5（+110.0 HP）；洗回 INT 0 LUK 5
177,HP5,4,882,18188,7577,4951,0,0,0,5,0,5,Method1×5（+110.0 HP）；洗回 INT 0 LUK 5
178,HP5,4,887,18320,7548,4908,0,0,0,5,0,5,Method1×5（+110.0 HP）；洗回 INT 0 LUK 5
179,HP5,4,892,18452,7519,4865,0,0,0,5,0,5,Method1×5（+110.0 HP）；洗回 INT 0 LUK 5
180,HP5,4,897,18584,7490,4822,0,0,0,5,0,5,Method1×5（+110.0 HP）；洗回 INT 0 LUK 5
181,HP5,4,902,18716,7461,4779,0,0,0,5,0,5,Method1×5（+110.0 HP）；洗回 INT 0 LUK 5
182,HP5,4,907,18848,7432,4736,0,0,0,5,0,5,Method1×5（+110.0 HP）；洗回 INT 0 LUK 5
183,HP5,4,912,18980,7403,4693,0,0,0,5,0,5,Method1×5（+110.0 HP）；洗回 INT 0 LUK 5
184,HP5,4,917,19112,7374,4650,0,0,0,5,0,5,Method1×5（+110.0 HP）；洗回 INT 0 LUK 5
185,HP5,4,922,19244,7345,4607,0,0,0,5,0,5,Method1×5（+110.0 HP）；洗回 INT 0 LUK 5
186,HP5,4,927,19376,7316,4564,0,0,0,5,0,5,Method1×5（+110.0 HP）；洗回 INT 0 LUK 5
187,HP5,4,932,19508,7287,4521,0,0,0,5,0,5,Method1×5（+110.0 HP）；洗回 INT 0 LUK 5
188,HP5,4,937,19640,7258,4478,0,0,0,5,0,5,Method1×5（+110.0 HP）；洗回 INT 0 LUK 5
189,HP5,4,942,19772,7229,4435,0,0,0,5,0,5,Method1×5（+110.0 HP）；洗回 INT 0 LUK 5
190,HP5,4,947,19904,7200,4392,0,0,0,5,0,5,Method1×5（+110.0 HP）；洗回 INT 0 LUK 5
191,HP5,4,952,20036,7171,4349,0,0,0,5,0,5,Method1×5（+110.0 HP）；洗回 INT 0 LUK 5
192,HP5,4,957,20168,7142,4306,0,0,0,5,0,5,Method1×5（+110.0 HP）；洗回 INT 0 LUK 5
193,HP5,4,962,20300,7113,4263,0,0,0,5,0,5,Method1×5（+110.0 HP）；洗回 INT 0 LUK 5
194,HP5,4,967,20432,7084,4220,0,0,0,5,0,5,Method1×5（+110.0 HP）；洗回 INT 0 LUK 5
195,HP5,4,972,20564,7055,4177,0,0,0,5,0,5,Method1×5（+110.0 HP）；洗回 INT 0 LUK 5
196,HP5,4,977,20696,7026,4134,0,0,0,5,0,5,Method1×5（+110.0 HP）；洗回 INT 0 LUK 5
197,HP5,4,982,20828,6997,4091,0,0,0,5,0,5,Method1×5（+110.0 HP）；洗回 INT 0 LUK 5
198,HP5,4,987,20960,6968,4048,0,0,0,5,0,5,Method1×5（+110.0 HP）；洗回 INT 0 LUK 5
199,HP5,4,992,21092,6939,4005,0,0,0,5,0,5,Method1×5（+110.0 HP）；洗回 INT 0 LUK 5
200,HP5,4,997,21224,6910,3962,0,0,0,5,0,5,Method1×5（+110.0 HP）；洗回 INT 0 LUK 5
200,M2,4,997,27002,3058,110,0,0,0,0,0,321,Method2×321（+5778.0 HP）
